﻿<?xml version="1.0" encoding="utf-8"?>
<Plugin>
    <Name>ACE Stdio</Name>
    <Version>0.5.0</Version>
    <Author>YQ之神</Author>
    <HomePage>https://space.bilibili.com/102844209</HomePage>
    <Descriptions>ACE Studio 工程文件转换插件，目前仅支持输出端。这是一个未完全公开发布的预览版本，请勿在公开平台上进行传播。&#x000a;本插件基于 GNU 通用公共许可证 v3.0（下称 GPL-3.0）开源。这意味着您不得将此插件的源码或二进制文件用于闭源商业软件开发；将源码或二进制文件二次分发（无论是否经过修改）时，您必须遵循同样的协议并免费提供一份源代码的副本。&#x000a;附加条款：未经作者明确同意，您不得将使用此插件转换得到的任何工程文件用于商业用途。&#x000a;本声明与 GPL-3.0 产生冲突时（附加条款除外），以 GPL-3.0 为准。
    </Descriptions>
    <TargetFramework>1.3.0</TargetFramework>
    <Requirements>无</Requirements>
    <Format>ACE Studio 工程文件</Format>
    <Suffix>acep</Suffix>
    <Identifier>ace</Identifier>
    <LibraryPath>AceStdio\Plugin.Ace.dll</LibraryPath>
    <Converter>AceStdio.Stream.AceConverter</Converter>
    <InputOptions/>
    <OutputOptions>
        <Option Name="singer" Type="string" Default="小夜">
            <Notes>默认使用的歌手</Notes>
            <Tips>请输入完整无误的歌手名字。</Tips>
        </Option>
        <Option Name="tempo" Type="double" Default="120.0">
            <Notes>使用此曲速重设变速音乐的时间轴</Notes>
            <Tips>ACE Studio 目前不支持变速音乐，因此变速音乐将依据绝对时间转换为恒定曲速的音乐。本选项可设置用于对齐的曲速，建议设置为源工程文件中最主要的曲速。</Tips>
        </Option>
        <Option Name="lagCompensation" Type="integer" Default="30">
            <Notes>拖拍前移补偿</Notes>
            <Tips>将所有容易导致拖拍的发音（y-, w-, a-, o-, e-, ri）向前适当偏移，单位为梯（四分音符长度为 480 梯）。当这些音符的音头音素长度被设定时，音符将优先基于音头长度进行前移；否则基于此选项设定的值前移。建议范围为 30~60，设置为 0 或负值则不进行任何偏移处理。</Tips>
        </Option>
        <Option Name="breath" Type="integer" Default="600">
            <Notes>默认呼吸长度（毫秒）</Notes>
            <Tips>本选项用于设定换气标记被转换为呼吸参数时默认的呼吸长度。实际换气长度可能因音符间隙过小而小于默认值；部分音符可能随呼吸标记的插入而缩短。设置为 0 或负值代表忽略所有换气标记。</Tips>
        </Option>
        <Option Name="mapStrengthTo" Type="enum" Default="both">
            <Notes>将力度参数映射至</Notes>
            <Tips>ACE Studio 同时具有力度与张力参数，二者均可影响歌声的力量感。可以选择力度参数的映射目标。</Tips>
            <EnumChoices>
                <Choice Name="力度与张力" Tag="both">
                    <Label>将力度参数同时映射至力度与张力参数，二者将各占 50% 的权重。</Label>
                </Choice>
                <Choice Name="仅力度" Tag="energy">
                    <Label>仅将力度参数映射至力度参数。张力参数将保持无参。</Label>
                </Choice>
                <Choice Name="仅张力" Tag="tension">
                    <Label>仅将力度参数映射至张力参数。力度参数将保持无参。</Label>
                </Choice>
            </EnumChoices>
        </Option>
        <Option Name="splitThreshold" Type="integer" Default="8">
            <Notes>片段切分阈值</Notes>
            <Tips>当音符之间的距离超过设定值时，将被切分至不同的片段（pattern）以便后续编辑。阈值单位为四分音符时值，默认为 8，即当音符间距超过 8 个四分音符时值（3840 梯）时进行切分。若不希望进行任何切分，请将此选项设定为 0 或负值。</Tips>
        </Option>
        <Option Name="audio" Type="boolean" Default="true">
            <Notes>转换伴奏轨信息</Notes>
            <Tips>部分伴奏音频文件名会导致 ACE Studio 崩溃。关闭此选项可以忽略所有的伴奏轨道。</Tips>
        </Option>
    </OutputOptions>
</Plugin>
