﻿<?xml version="1.0" encoding="utf-8"?>
<Plugin>
    <Name>元七七工程转换插件</Name>
    <Version>1.0.0</Version>
    <Author>笛鹿FlutyDeer</Author>
    <HomePage>https://space.bilibili.com/386270936</HomePage>
    <Descriptions>适用于 OpenSvip 的元七七工程格式转换插件。</Descriptions>
    <Requirements>无</Requirements>
    <Format>元七七工程文件</Format>
    <Suffix>y77</Suffix>
    <Identifier>y77</Identifier>
    <LibraryPath>Y77\Plugin.Y77.dll</LibraryPath>
    <Converter>Y77.Stream.Y77Converter</Converter>
    <InputOptions/>
	<OutputOptions/>
</Plugin>
