﻿<?xml version="1.0" encoding="utf-8"?>
<Plugin>
    <Name>Vogen 工程转换插件</Name>
    <Version>0.4.0</Version>
    <Author>笛鹿FlutyDeer</Author>
    <HomePage>https://space.bilibili.com/386270936</HomePage>
    <Descriptions>适用于 OpenSvip 的 Vogen 工程格式转换插件。</Descriptions>
    <Requirements>无</Requirements>
    <Format>Vogen 工程文件</Format>
    <Suffix>vog</Suffix>
    <Identifier>vog</Identifier>
    <LibraryPath>Vogen\FlutyDeer.VogenPlugin.dll</LibraryPath>
    <Converter>FlutyDeer.VogenPlugin.Stream.VogenConverter</Converter>
    <InputOptions/>
	<OutputOptions>
		<Option Name="singer" Type="string" Default="Doaz">
			<Notes>歌手</Notes>
			<Tips>请输入完整无误的歌手英文名字。</Tips>
		</Option>
	</OutputOptions>
</Plugin>
