﻿<?xml version="1.0" encoding="utf-8"?>
<Plugin>
    <Name>BinSvip</Name>
    <Version>1.1.6</Version>
    <Author>YQ之神</Author>
    <HomePage>https://space.bilibili.com/102844209</HomePage>
    <Descriptions>原始二进制 .svip 文件转换插件。</Descriptions>
    <Requirements>系统上需要安装 X Studio，并设置为 .svip 文件默认打开方式。&#x000A;建议使用 2.0 或更高版本；最低可兼容 1.8 版本，但无法导入与导出力度参数。</Requirements>
    <Format>X Studio 工程文件</Format>
    <Suffix>svip</Suffix>
    <Identifier>svip</Identifier>
    <LibraryPath>BinSvip\Plugin.BinSvip.dll</LibraryPath>
    <Converter>OpenSvip.Stream.BinarySvipConverter</Converter>
    <InputOptions/>
    <OutputOptions>
        <Option Name="singer" Type="string" Default="陈水若">
            <Notes>无法匹配歌手时，使用此缺省歌手</Notes>
			<Tips>请输入完整无误的歌手名字。若此选项指定的歌手不存在，将使用 X Studio 中设置的默认歌手。如果要指定歌手编号与名称的转换关系，或添加已拥有编号但未公开发行的歌手，请修改插件目录下的 SingerDict.json。</Tips>
        </Option>
        <Option Name="tempo" Type="integer" Default="60">
            <Notes>曲速过低或过高时，使用此曲速进行对齐</Notes>
			<Tips>X Studio 支持的曲速范围为 20 ~ 300。曲速超出范围时，将会启用绝对时间轴以确保音符对齐。请尽量将此值设置为源工程文件中曲速的整数倍或整数分之一；只要在合理数值范围内，此选项的值不会影响对齐效果。</Tips>
        </Option>
        <Option Name="version" Type="enum" Default="auto">
            <Notes>指定生成的 .svip 文件版本</Notes>
			<Tips>此选项仅控制输出工程文件的头部版本信息。&#x000A;选择较旧的工程文件版本不会影响数据的完整性，但使用低版本的 X Studio 打开编辑并保存高版本工程文件时可能造成数据丢失。</Tips>
            <EnumChoices>
                <Choice Name="自动选择" Tag="auto">
                    <Label>使用当前系统安装的 X Studio 所对应的工程文件版本。</Label>
                </Choice>
                <Choice Name="SVIP 7.0.0" Tag="7.0.0">
                    <Label>使用 X Studio 2.0 对应的工程文件版本。</Label>
                </Choice>
                <Choice Name="SVIP 6.0.0" Tag="6.0.0">
                    <Label>使用兼容 X Studio 1.8 的工程文件版本。</Label>
                </Choice>
                <Choice Name="最大只读兼容" Tag="0.0.0">
                    <Label>导出可使用任意版本 X Studio 打开的工程文件。&#x000A;警告：使用此选项保存后，音量、气声、性别、力度参数将无法被 X Studio 识别（数据没有丢失）。&#x000A;为了避免无法挽回的数据丢失，强烈建议不要使用 X Studio 修改和保存使用此选项导出的工程文件。若要重新将工程文件恢复至可安全编辑的状态，请选择保存为 SVIP 6.0.0 及以上版本。</Label>
                </Choice>
            </EnumChoices>
        </Option>
    </OutputOptions>
</Plugin>
