{
  "ts` i`": "zhi",
  "ts`h i`": "chi",
  "s` i`": "shi",
  "z` i`": "ri",
  "ts i\\": "zi",
  "tsh i\\": "ci",
  "s i\\": "si",
  "p a": "ba",
  "ph a": "pa",
  "m a": "ma",
  "f a": "fa",
  "t a": "da",
  "th a": "ta",
  "n a": "na",
  "l a": "la",
  "k a": "ga",
  "kh a": "ka",
  "x a": "ha",
  "ts` a": "zha",
  "ts`h a": "cha",
  "s` a": "sha",
  "z` a": "ra",
  "ts a": "za",
  "tsh a": "ca",
  "s a": "sa",
  "p uo": "bo",
  "ph uo": "po",
  "m uo": "mo",
  "f uo": "fo",
  "t o": "do",
  "th o": "to",
  "n o": "no",
  "l o": "lo",
  "k o": "go",
  "kh o": "ko",
  "x o": "ho",
  "ts` o": "zho",
  "ts`h o": "cho",
  "s` o": "sho",
  "z` o": "ro",
  "ts o": "zo",
  "tsh o": "co",
  "s o": "so",
  "p 7": "be",
  "ph 7": "pe",
  "m 7": "me",
  "f 7": "fe",
  "t 7": "de",
  "th 7": "te",
  "n 7": "ne",
  "l 7": "le",
  "k 7": "ge",
  "kh 7": "ke",
  "x 7": "he",
  "ts` 7": "zhe",
  "ts`h 7": "che",
  "s` 7": "she",
  "z` 7": "re",
  "ts 7": "ze",
  "tsh 7": "ce",
  "s 7": "se",
  "p a :\\i": "bai",
  "ph a :\\i": "pai",
  "m a :\\i": "mai",
  "f a :\\i": "fai",
  "t a :\\i": "dai",
  "th a :\\i": "tai",
  "n a :\\i": "nai",
  "l a :\\i": "lai",
  "k a :\\i": "gai",
  "kh a :\\i": "kai",
  "x a :\\i": "hai",
  "ts` a :\\i": "zhai",
  "ts`h a :\\i": "chai",
  "s` a :\\i": "shai",
  "z` a :\\i": "rai",
  "ts a :\\i": "zai",
  "tsh a :\\i": "cai",
  "s a :\\i": "sai",
  "p e :\\i": "bei",
  "ph e :\\i": "pei",
  "m e :\\i": "mei",
  "f e :\\i": "fei",
  "t e :\\i": "dei",
  "th e :\\i": "tei",
  "n e :\\i": "nei",
  "l e :\\i": "lei",
  "k e :\\i": "gei",
  "kh e :\\i": "kei",
  "x e :\\i": "hei",
  "ts` e :\\i": "zhei",
  "ts`h e :\\i": "chei",
  "s` e :\\i": "shei",
  "z` e :\\i": "rei",
  "ts e :\\i": "zei",
  "tsh e :\\i": "cei",
  "s e :\\i": "sei",
  "p AU": "bao",
  "ph AU": "pao",
  "m AU": "mao",
  "f AU": "fao",
  "t AU": "dao",
  "th AU": "tao",
  "n AU": "nao",
  "l AU": "lao",
  "k AU": "gao",
  "kh AU": "kao",
  "x AU": "hao",
  "ts` AU": "zhao",
  "ts`h AU": "chao",
  "s` AU": "shao",
  "z` AU": "rao",
  "ts AU": "zao",
  "tsh AU": "cao",
  "s AU": "sao",
  "p @U": "bou",
  "ph @U": "pou",
  "m @U": "mou",
  "f @U": "fou",
  "t @U": "dou",
  "th @U": "tou",
  "n @U": "nou",
  "l @U": "lou",
  "k @U": "gou",
  "kh @U": "kou",
  "x @U": "hou",
  "ts` @U": "zhou",
  "ts`h @U": "chou",
  "s` @U": "shou",
  "z` @U": "rou",
  "ts @U": "zou",
  "tsh @U": "cou",
  "s @U": "sou",
  "p a :n": "ban",
  "ph a :n": "pan",
  "m a :n": "man",
  "f a :n": "fan",
  "t a :n": "dan",
  "th a :n": "tan",
  "n a :n": "nan",
  "l a :n": "lan",
  "k a :n": "gan",
  "kh a :n": "kan",
  "x a :n": "han",
  "ts` a :n": "zhan",
  "ts`h a :n": "chan",
  "s` a :n": "shan",
  "z` a :n": "ran",
  "ts a :n": "zan",
  "tsh a :n": "can",
  "s a :n": "san",
  "p @ :n": "ben",
  "ph @ :n": "pen",
  "m @ :n": "men",
  "f @ :n": "fen",
  "t @ :n": "den",
  "th @ :n": "ten",
  "n @ :n": "nen",
  "l @ :n": "len",
  "k @ :n": "gen",
  "kh @ :n": "ken",
  "x @ :n": "hen",
  "ts` @ :n": "zhen",
  "ts`h @ :n": "chen",
  "s` @ :n": "shen",
  "z` @ :n": "ren",
  "ts @ :n": "zen",
  "tsh @ :n": "cen",
  "s @ :n": "sen",
  "p A N": "bang",
  "ph A N": "pang",
  "m A N": "mang",
  "f A N": "fang",
  "t A N": "dang",
  "th A N": "tang",
  "n A N": "nang",
  "l A N": "lang",
  "k A N": "gang",
  "kh A N": "kang",
  "x A N": "hang",
  "ts` A N": "zhang",
  "ts`h A N": "chang",
  "s` A N": "shang",
  "z` A N": "rang",
  "ts A N": "zang",
  "tsh A N": "cang",
  "s A N": "sang",
  "p @ N": "beng",
  "ph @ N": "peng",
  "m @ N": "meng",
  "f @ N": "feng",
  "t @ N": "deng",
  "th @ N": "teng",
  "n @ N": "neng",
  "l @ N": "leng",
  "k @ N": "geng",
  "kh @ N": "keng",
  "x @ N": "heng",
  "ts` @ N": "zheng",
  "ts`h @ N": "cheng",
  "s` @ N": "sheng",
  "z` @ N": "reng",
  "ts @ N": "zeng",
  "tsh @ N": "ceng",
  "s @ N": "seng",
  "p i": "bi",
  "ph i": "pi",
  "m i": "mi",
  "f i": "fi",
  "t i": "di",
  "th i": "ti",
  "n i": "ni",
  "l i": "li",
  "k i": "gi",
  "kh i": "ki",
  "x i": "hi",
  "ts\\ i": "ji",
  "ts\\h i": "qi",
  "s\\ i": "xi",
  "p ia": "bia",
  "ph ia": "pia",
  "m ia": "mia",
  "f ia": "fia",
  "t ia": "dia",
  "th ia": "tia",
  "n ia": "nia",
  "l ia": "lia",
  "k ia": "gia",
  "kh ia": "kia",
  "x ia": "hia",
  "ts\\ ia": "jia",
  "ts\\h ia": "qia",
  "s\\ ia": "xia",
  "p iAU": "biao",
  "ph iAU": "piao",
  "m iAU": "miao",
  "f iAU": "fiao",
  "t iAU": "diao",
  "th iAU": "tiao",
  "n iAU": "niao",
  "l iAU": "liao",
  "k iAU": "giao",
  "kh iAU": "kiao",
  "x iAU": "hiao",
  "ts\\ iAU": "jiao",
  "ts\\h iAU": "qiao",
  "s\\ iAU": "xiao",
  "p ie": "bie",
  "ph ie": "pie",
  "m ie": "mie",
  "f ie": "fie",
  "t ie": "die",
  "th ie": "tie",
  "n ie": "nie",
  "l ie": "lie",
  "k ie": "gie",
  "kh ie": "kie",
  "x ie": "hie",
  "ts\\ ie": "jie",
  "ts\\h ie": "qie",
  "s\\ ie": "xie",
  "p ia :\\i": "biai",
  "ph ia :\\i": "piai",
  "m ia :\\i": "miai",
  "f ia :\\i": "fiai",
  "t ia :\\i": "diai",
  "th ia :\\i": "tiai",
  "n ia :\\i": "niai",
  "l ia :\\i": "liai",
  "k ia :\\i": "giai",
  "kh ia :\\i": "kiai",
  "x ia :\\i": "hiai",
  "ts\\ ia :\\i": "jiai",
  "ts\\h ia :\\i": "qiai",
  "s\\ ia :\\i": "xiai",
  "p i@U": "biu",
  "ph i@U": "piu",
  "m i@U": "miu",
  "f i@U": "fiu",
  "t i@U": "diu",
  "th i@U": "tiu",
  "n i@U": "niu",
  "l i@U": "liu",
  "k i@U": "giu",
  "kh i@U": "kiu",
  "x i@U": "hiu",
  "ts\\ i@U": "jiu",
  "ts\\h i@U": "qiu",
  "s\\ i@U": "xiu",
  "p iE :n": "bian",
  "ph iE :n": "pian",
  "m iE :n": "mian",
  "f iE :n": "fian",
  "t iE :n": "dian",
  "th iE :n": "tian",
  "n iE :n": "nian",
  "l iE :n": "lian",
  "k iE :n": "gian",
  "kh iE :n": "kian",
  "x iE :n": "hian",
  "ts\\ iE :n": "jian",
  "ts\\h iE :n": "qian",
  "s\\ iE :n": "xian",
  "p i :n": "bin",
  "ph i :n": "pin",
  "m i :n": "min",
  "f i :n": "fin",
  "t i :n": "din",
  "th i :n": "tin",
  "n i :n": "nin",
  "l i :n": "lin",
  "k i :n": "gin",
  "kh i :n": "kin",
  "x i :n": "hin",
  "ts\\ i :n": "jin",
  "ts\\h i :n": "qin",
  "s\\ i :n": "xin",
  "p iA N": "biang",
  "ph iA N": "piang",
  "m iA N": "miang",
  "f iA N": "fiang",
  "t iA N": "diang",
  "th iA N": "tiang",
  "n iA N": "niang",
  "l iA N": "liang",
  "k iA N": "giang",
  "kh iA N": "kiang",
  "x iA N": "hiang",
  "ts\\ iA N": "jiang",
  "ts\\h iA N": "qiang",
  "s\\ iA N": "xiang",
  "p i N": "bing",
  "ph i N": "ping",
  "m i N": "ming",
  "f i N": "fing",
  "t i N": "ding",
  "th i N": "ting",
  "n i N": "ning",
  "l i N": "ling",
  "k i N": "ging",
  "kh i N": "king",
  "x i N": "hing",
  "ts\\ i N": "jing",
  "ts\\h i N": "qing",
  "s\\ i N": "xing",
  "p u": "bu",
  "ph u": "pu",
  "m u": "mu",
  "f u": "fu",
  "t u": "du",
  "th u": "tu",
  "n u": "nu",
  "l u": "lu",
  "k u": "gu",
  "kh u": "ku",
  "x u": "hu",
  "ts\\ y": "ju",
  "ts\\h y": "qu",
  "s\\ y": "xu",
  "ts` u": "zhu",
  "ts`h u": "chu",
  "s` u": "shu",
  "z` u": "ru",
  "ts u": "zu",
  "tsh u": "cu",
  "s u": "su",
  "p ua": "bua",
  "ph ua": "pua",
  "m ua": "mua",
  "f ua": "fua",
  "t ua": "dua",
  "th ua": "tua",
  "n ua": "nua",
  "l ua": "lua",
  "k ua": "gua",
  "kh ua": "kua",
  "x ua": "hua",
  "ts\\ ua": "jua",
  "ts\\h ua": "qua",
  "s\\ ua": "xua",
  "ts` ua": "zhua",
  "ts`h ua": "chua",
  "s` ua": "shua",
  "z` ua": "rua",
  "ts ua": "zua",
  "tsh ua": "cua",
  "s ua": "sua",
  "t uo": "duo",
  "th uo": "tuo",
  "n uo": "nuo",
  "l uo": "luo",
  "k uo": "guo",
  "kh uo": "kuo",
  "x uo": "huo",
  "ts\\ uo": "juo",
  "ts\\h uo": "quo",
  "s\\ uo": "xuo",
  "ts` uo": "zhuo",
  "ts`h uo": "chuo",
  "s` uo": "shuo",
  "z` uo": "ruo",
  "ts uo": "zuo",
  "tsh uo": "cuo",
  "s uo": "suo",
  "p ua :\\i": "buai",
  "ph ua :\\i": "puai",
  "m ua :\\i": "muai",
  "f ua :\\i": "fuai",
  "t ua :\\i": "duai",
  "th ua :\\i": "tuai",
  "n ua :\\i": "nuai",
  "l ua :\\i": "luai",
  "k ua :\\i": "guai",
  "kh ua :\\i": "kuai",
  "x ua :\\i": "huai",
  "ts\\ ua :\\i": "juai",
  "ts\\h ua :\\i": "quai",
  "s\\ ua :\\i": "xuai",
  "ts` ua :\\i": "zhuai",
  "ts`h ua :\\i": "chuai",
  "s` ua :\\i": "shuai",
  "z` ua :\\i": "ruai",
  "ts ua :\\i": "zuai",
  "tsh ua :\\i": "cuai",
  "s ua :\\i": "suai",
  "p ue :\\i": "bui",
  "ph ue :\\i": "pui",
  "m ue :\\i": "mui",
  "f ue :\\i": "fui",
  "t ue :\\i": "dui",
  "th ue :\\i": "tui",
  "n ue :\\i": "nui",
  "l ue :\\i": "lui",
  "k ue :\\i": "gui",
  "kh ue :\\i": "kui",
  "x ue :\\i": "hui",
  "ts\\ ue :\\i": "jui",
  "ts\\h ue :\\i": "qui",
  "s\\ ue :\\i": "xui",
  "ts` ue :\\i": "zhui",
  "ts`h ue :\\i": "chui",
  "s` ue :\\i": "shui",
  "z` ue :\\i": "rui",
  "ts ue :\\i": "zui",
  "tsh ue :\\i": "cui",
  "s ue :\\i": "sui",
  "p ua :n": "buan",
  "ph ua :n": "puan",
  "m ua :n": "muan",
  "f ua :n": "fuan",
  "t ua :n": "duan",
  "th ua :n": "tuan",
  "n ua :n": "nuan",
  "l ua :n": "luan",
  "k ua :n": "guan",
  "kh ua :n": "kuan",
  "x ua :n": "huan",
  "ts\\ y{ :n": "juan",
  "ts\\h y{ :n": "quan",
  "s\\ y{ :n": "xuan",
  "ts` ua :n": "zhuan",
  "ts`h ua :n": "chuan",
  "s` ua :n": "shuan",
  "z` ua :n": "ruan",
  "ts ua :n": "zuan",
  "tsh ua :n": "cuan",
  "s ua :n": "suan",
  "p u@ :n": "bun",
  "ph u@ :n": "pun",
  "m u@ :n": "mun",
  "f u@ :n": "fun",
  "t u@ :n": "dun",
  "th u@ :n": "tun",
  "n u@ :n": "nun",
  "l u@ :n": "lun",
  "k u@ :n": "gun",
  "kh u@ :n": "kun",
  "x u@ :n": "hun",
  "ts\\ yE :n": "jun",
  "ts\\h yE :n": "qun",
  "s\\ yE :n": "xun",
  "ts` u@ :n": "zhun",
  "ts`h u@ :n": "chun",
  "s` u@ :n": "shun",
  "z` u@ :n": "run",
  "ts u@ :n": "zun",
  "tsh u@ :n": "cun",
  "s u@ :n": "sun",
  "p uA N": "buang",
  "ph uA N": "puang",
  "m uA N": "muang",
  "f uA N": "fuang",
  "t uA N": "duang",
  "th uA N": "tuang",
  "n uA N": "nuang",
  "l uA N": "luang",
  "k uA N": "guang",
  "kh uA N": "kuang",
  "x uA N": "huang",
  "ts\\ uA N": "juang",
  "ts\\h uA N": "quang",
  "s\\ uA N": "xuang",
  "ts` uA N": "zhuang",
  "ts`h uA N": "chuang",
  "s` uA N": "shuang",
  "z` uA N": "ruang",
  "ts uA N": "zuang",
  "tsh uA N": "cuang",
  "s uA N": "suang",
  "p U N": "bong",
  "ph U N": "pong",
  "m U N": "mong",
  "f U N": "fong",
  "t U N": "dong",
  "th U N": "tong",
  "n U N": "nong",
  "l U N": "long",
  "k U N": "gong",
  "kh U N": "kong",
  "x U N": "hong",
  "ts` U N": "zhong",
  "ts`h U N": "chong",
  "s` U N": "shong",
  "z` U N": "rong",
  "ts U N": "zong",
  "tsh U N": "cong",
  "s U N": "song",
  "p y": "bv",
  "ph y": "pv",
  "m y": "mv",
  "f y": "fv",
  "t y": "dv",
  "th y": "tv",
  "n y": "nv",
  "l y": "lv",
  "k y": "gv",
  "kh y": "kv",
  "x y": "hv",
  "ts` y": "zhv",
  "ts`h y": "chv",
  "s` y": "shv",
  "z` y": "rv",
  "ts y": "zv",
  "tsh y": "cv",
  "s y": "sv",
  "p yE": "bve",
  "ph yE": "pve",
  "m yE": "mve",
  "f yE": "fve",
  "t yE": "dve",
  "th yE": "tve",
  "n yE": "nue",
  "l yE": "lue",
  "k yE": "gue",
  "kh yE": "kue",
  "x yE": "hue",
  "ts\\ yE": "jue",
  "ts\\h yE": "que",
  "s\\ yE": "xue",
  "ts` yE": "zhve",
  "ts`h yE": "chve",
  "s` yE": "shve",
  "z` yE": "rve",
  "ts yE": "zve",
  "tsh yE": "cve",
  "s yE": "sve",
  "p iU N": "biong",
  "ph iU N": "piong",
  "m iU N": "miong",
  "f iU N": "fiong",
  "t iU N": "diong",
  "th iU N": "tiong",
  "n iU N": "niong",
  "l iU N": "liong",
  "k iU N": "giong",
  "kh iU N": "kiong",
  "x iU N": "hiong",
  "ts\\ iU N": "jiong",
  "ts\\h iU N": "qiong",
  "s\\ iU N": "xiong",
  "ts` iU N": "zhiong",
  "ts`h iU N": "chiong",
  "s` iU N": "shiong",
  "z` iU N": "riong",
  "ts iU N": "ziong",
  "tsh iU N": "ciong",
  "s iU N": "siong",
  "a": "a",
  "o": "o",
  "7": "e",
  "a :\\i": "ai",
  "e :\\i": "ei",
  "AU": "ao",
  "@U": "ou",
  "a :n": "an",
  "@ :n": "en",
  "A N": "ang",
  "U N": "ong",
  "@ N": "eng",
  "a r\\`": "er",
  "i": "yi",
  "u": "wu",
  "y": "yu",
  "j ia": "ya",
  "j iAU": "yo",
  "j ie": "ye",
  "j ia :\\i": "yai",
  "j i@U": "you",
  "j iE :n": "yan",
  "j i :n": "yin",
  "j iA N": "yang",
  "j i N": "ying",
  "w ua": "wa",
  "w uo": "wo",
  "w ua :\\i": "wai",
  "w ue :\\i": "wei",
  "w ua :n": "wan",
  "w u@ :n": "wen",
  "w uA N": "wang",
  "w u@ N": "weng",
  "w U N": "wong",
  "j yE": "yue",
  "j y{ :n": "yuan",
  "j yE :n": "yun",
  "j iU N": "yong"
}