﻿<?xml version="1.0" encoding="utf-8"?>
<Plugin>
    <Name>SynthV</Name>
    <Version>1.8.1</Version>
    <Author>YQ之神</Author>
    <HomePage>https://space.bilibili.com/102844209</HomePage>
    <Descriptions>Synthesizer V 工程格式转换插件，支持包括曲谱、歌词、参数曲线、音符属性、音符组、即时音高模式在内所有数据的读取与写入。&#x000A;请注意：输入带有重叠音符的工程文件是未定义的行为，可能导致无法预料的异常。</Descriptions>
    <Requirements>无</Requirements>
    <Format>Synthesizer V 工程文件</Format>
    <Suffix>svp</Suffix>
    <Identifier>svp</Identifier>
    <LibraryPath>SynthV\Plugin.SynthV.dll</LibraryPath>
    <Converter>SynthV.Stream.SynthVConverter</Converter>
    <InputOptions>
        <Option Name="pitch" Type="enum" Default="plain">
            <Notes>音高信息输入模式</Notes>
			<Tips>本选项控制音高曲线被导入的范围和判定条件。其中“经过编辑”的定义为：参数面板中的音高偏差、颤音包络和音符属性中的音高转变、颤音中的任意一项经过编辑。</Tips>
            <EnumChoices>
                <Choice Name="输入完整音高曲线" Tag="full">
                    <Label>不论是否经过编辑，均输入整条音高曲线</Label>
                </Choice>
                <Choice Name="仅输入已编辑部分（颤音模式）" Tag="vibrato">
                    <Label>仅输入已编辑部分的音高曲线；未经编辑的默认颤音也将被导入</Label>
                </Choice>
                <Choice Name="仅输入已编辑部分（平整模式）" Tag="plain">
                    <Label>仅输入已编辑部分的音高曲线；未经编辑的默认颤音将被忽略</Label>
                </Choice>
            </EnumChoices>
        </Option>
        <Option Name="instant" Type="boolean" Default="true">
            <Notes>遵循即时音高模式设置</Notes>
			<Tips>关闭此选项时，无论工程文件是否开启了即时音高模式，都只会考虑原始的默认音高。若您基于即时音高模式进行了调校，建议打开此选项。</Tips>
        </Option>
        <Option Name="breath" Type="enum" Default="ignore">
            <Notes>换气音符处理方式</Notes>
            <EnumChoices>
                <Choice Name="忽略所有换气音符" Tag="ignore"/>
                <Choice Name="保留为普通音符" Tag="remain"/>
                <Choice Name="转换为换气标记" Tag="convert"/>
            </EnumChoices>
        </Option>
        <Option Name="group" Type="enum" Default="split">
            <Notes>音符组导入方式</Notes>
			<Tips>注意：若音符组较多，请尽量选择“保留原始位置”以防止轨道数量暴增。但若音符组之间、音符组与主组之间存在时间轴上紧挨（但不重叠）的音符，则建议选择“拆分为轨道”以确保段落划分不被破坏。</Tips>
            <EnumChoices>
                <Choice Name="全部拆分为轨道" Tag="split">
                    <Label>为每个音符组引用生成一个单独的音轨</Label>
                </Choice>
                <Choice Name="保留原始位置" Tag="merge">
                    <Label>仅在出现音符重叠时将音符组拆分至单独的音轨</Label>
                </Choice>
            </EnumChoices>
        </Option>
    </InputOptions>
    <OutputOptions>
        <Option Name="vibrato" Type="enum" Default="none">
            <Notes>自动颤音处理方式</Notes>
            <EnumChoices>
                <Choice Name="全部抹平" Tag="none">
                    <Label>所有音符的颤音深度将被设置为 0，以保证输出的音高曲线与输入一致</Label>
                </Choice>
                <Choice Name="全部保留" Tag="always">
                    <Label>保持所有音符的默认颤音，但可能造成输入与输出音高曲线不一致</Label>
                </Choice>
                <Choice Name="混合保留" Tag="hybrid">
                    <Label>在输入音高被编辑过的区域去除颤音，其余部分保留默认颤音</Label>
                </Choice>
            </EnumChoices>
        </Option>
        <Option Name="desample" Type="integer" Default="40">
            <Notes>设置参数点的平均采样间隔以改善性能（0 为无限制）</Notes>
			<Tips>减小采样间隔可提高参数曲线的精准度，但可能造成渲染卡顿（例如 Synthesizer V Studio Pro + AI 声库）。请根据硬件配置与实际体验酌情设置此值。</Tips>
        </Option>
    </OutputOptions>
</Plugin>
