﻿{
  "XiaoIce": "小冰",
  "M3": "杨以凡",
  "F10": "陈水若",
  "F11": "何畅",
  "M13": "陈子渝",
  "F801": "徐爱颜",
  "F802": "荼鸢",
  "M803": "挚彬同学",
  "M806": "雲宇光",
  "F809": "海莉",
  "M810": "辉宇·星",
  "M812": "陆思川",
  "F813": "蔷芜",
  "F814": "幻神·米丝",
  "F819": "方念",
  "M820": "严清语",
  "M822": "泰伦",
  "M825": "雨宫晓",
  "F827": "大宝剑",
  "F828": "舞语",
  "F830": "绮萱",
  "M832": "埃洛",
  "M835": "小格",
  "F836": "果妹",
  "F838": "小夜",
  "F840": "Arya",
  "M841": "五世百米",
  "F842": "曦和 律",
  "F843": "小傻",
  "M844": "翱天",
  "F845": "瑶(YAO)",
  "F846": "月柬依",
  "M848": "洛希",
  "F849": "娜芙(Nerv)",
  "M850": "玖辰",
  "F851": "楚瓷",
  "F852": "时久琉",
  "M853": "九棠Twi",
  "F854": "叶妮娅(Еня)",
  "F901": "麦笛奈",
  "F902": "然糊糊",
  "F903": "尘霜",
  "M905": "孙枫",
  "M906": "袁率",
  "M907": "稻光",
  "F908": "虞宁xs",
  "M909": "豪叶",
  "M911": "云灏",
  "F912": "寺倾花",
  "F914": "时枝",
  "M916": "沐凌弦",
  "M917": "白鬼月",
  "M918": "枫月",
  "F924": "华智冰",
  "F933": "小珞",
  "M935": "十瑚",
  "M938": "柯泰璃",
  "F939": "月月"
}